channel_name,message_id,date,text,image_path
DoctorsET,864,2023-12-18 17:04:02,"https://youtu.be/5DBoEm-8kmA?si=LDLuEecNfULJVDzL   ­ЪЉѕ­ЪЉѕ

рЅарЅђріЋ ріаріЋрІ┤ рЅЦрЅ╗ рІерѕџрЅБрѕѕрІЇ рІерЅбрІЮріљрѕх ріарѕЏріФрѕф 

рЅа 10,000 рЅЦрѕГ рЅЦрЅ╗ рІерЅ░рїђрѕўрѕе рЅбрІЮріљрѕх ріЦрѕхріе рѕџрѕірІеріќрЅй рІФрІерїѕрІЇ рІерЇЋрѕФрїЇрѕЏ рібріЋрЅерѕхрЅхрѕўріЋрЅх рѕўрѕхрѕФрЅй рѕўрѕГрІх рЅЦрѕхрѕФрЅх 

рЅЦрѕІріГ рѕЏрѕГрігрЅх рІІрїІ рѕЏріљрІЇ рѕџрЅ░рѕЮріљрІЇ ?

рібрЅхрІ«рїхрІФ рІЇрѕхрїЦ рЅбрІЮріљрѕх рѕѕрѕўрїђрѕўрѕГ рїЦрѕЕ рѕ░ріарЅх ріљрІЇ рІѕрІГ ??

3 рЅбрІЮріљрѕх рѕхріЋрїђрѕЮрѕГ рІерѕЮріЋрѕ░рѕФрІЇ рѕхрѕЁрЅ░рЅХрЅй !

ріарѕЂріЉріЉ рІГрѕўрѕЇріерЅ░рЅ▒  ­ЪЉЄ­ЪЉЄ

https://youtu.be/5DBoEm-8kmA?si=LDLuEecNfULJVDzL",
DoctorsET,863,2023-11-03 16:14:39,"рІХріГрЅ░рѕГрѕх рібрЅхрІ«рїхрІФ рЅа ріарІ▓рѕх ріарЅђрѕФрѕерЅЦ рЅа рЅ┤рѕїрЅфрІЦріЋ рЇЋрѕ«рїЇрѕФрѕЎріЋ рѕѕрѕўрїђрѕўрѕГ ріерЇІрЅ░ріЏ рІЮрїЇрїЁрЅх рЅарѕЏрІхрѕерїЇ рѕІрІГ рІГрїѕріЏрѕЇ рЇб

рІЕрѕЃріЋрѕх рїЇрѕГрѕЏ рїєріњ ( рЅа рЅ▓ріГрЅХріГ ріе 500,000) рЅарѕІрІГ рЅ░ріерЅ│рІГ рІФрїѕріўрІЇ ріе ріарѕюрѕфріФ рІѕрІ░ рібрЅхрІ«рїхрІФ 
рїѕріЋрІ│ рІЇрѕхрїЦ ріерѕўрЅ░ріЏрЅх ріЦрѕхріе ріерЇІрЅ░ріЏ рЅ░ріерЇІрІГ рЅарібрЅхрІ«рїхрІФ ( 1 take production ) рЅарѕўрЅБрѕЇ рІерѕџрЅ│рІѕрЅђрІЇ рІЕрѕЃріЋрѕх рїЇрѕГрѕЏ ( рїєріњ) 

ріерІ▓рЇЋрѕгрѕйріЋ ріЦрѕхріе рЅ│рІІрЅѓріљрЅхріЋ рІФрЅ░рѕерЇѕрІЇ рїєріњ 

ріарѕЂріЉріЉ рІГрѕўрѕЇріерЅ▒ ­ЪЉЄ

https://youtu.be/gwVN5eJQpko?si=xARsSxIEdZtE91GY",
DoctorsET,862,2023-10-02 16:37:39,"рѕърЅх рЅарѕхрі│рѕГ 

рѕѕрѕЇрїєрЅ╗рЅйріЋ рІерѕЮріЊрѕ▓рІўрІЇ рѕЮрѕ│рЅЃ рѕ│ріЊрЅђрІЇ ріЦрІхрѕџрІФрЅИрІЇріЋ рІГрЅђріЋрѕ░рІЇ рІГрѕєріЋ 

рІерЅ│рѕИрїѕ рЅхріГріГрѕѕріЏ рїЂрѕх рібрЅхрІ«рїхрІФ рІЇрѕхрїЦ рІерѕѕрѕЮ...!

рѕЂрѕЅрѕЮ рІѕрѕІрїЁ рѕірІФрІерІЇ рІерѕџрїѕрЅБ

рІерЅ│рѕИрїЅ рїЂрѕХрЅй рѕўрїарїБрЅх ріЦрѕФрѕхріЋ рѕѕріерЇЇрЅ░ріЏ рїЅрІ│рЅх ріЦрѕхріе рѕърЅх рІхрѕерѕх рѕЏрїІрѕѕрїЦ ріљрІЇ !

рѕѕрѕЂрѕЅрѕЮ рібрі«ріќрѕџ рїцріЊріЋрѕЮ рІерѕџрїарЅЦрЅЁ ріарѕўрїІрїѕрЅЦ рІерЅ▒ ріљрІЇ??

https://youtu.be/oHiSRrNF7I0?si=Absgm414YSt_kjNq",
DoctorsET,861,2023-09-16 07:54:32,"ріе HIV рІерЅ░рЇѕрІѕрѕ░ рѕ░рІЇ ріарїІрїЦрѕЪрЅйрѕЂ рІФрЅЃрѕЇ ? рЇѕрІЇрѕх ріЦріЊ рѕЁріГрѕЮріЊ ?

рѕЎрѕЅ рЅфрІ▓рІ«рІЇріЋ рЅ░рѕўрѕЇріГрЅ░рІЇ рѕЃрѕ│рЅЦ ріарѕхрЅ░рІФрІерЅХріЋ рІФріФрЇЇрѕЅріЋ ­ЪЉЄ­ЪЉЄ­ЪЉЄ­ЪЉЄ

https://youtu.be/tTeErZxIh_Q?si=jKHyfWcC3sfXbC8L",
DoctorsET,860,2023-09-01 16:16:15,"рЅарЅЁрѕГрЅЦ рїірІю рЅарѕЃрїѕрѕФрЅйріЋ рѕІрІГ ріЦрІерЅ░рѕхрЅ░рІІрѕѕ рІФрѕѕ рІерЅ░рѕўрѕ│рѕ│рІГ рЇєрЅ│ ( Homosexuality ) рїЇрЅЦрѕе рѕ░рІХрѕЮ рЅарЅ░рѕѕрІФрІЕ рЅдрЅ│рІјрЅй рѕІрІГ ріЦрІерЅ│рІе рІГрїѕріЏрѕЇ

рІГрѕЁрѕЮ ріарїЦрЅЦрЅђріЋ рѕЮріЋрЅЃрІѕрѕўрІЇ рїЅрІ│рІГ рѕ▓рѕєріЋ 

- рІГрѕЁ рЅйрїЇрѕГ рЅарѕЁрѕЮріЊ рІГрѕѕрІФрѕЇ рІѕрІГ ?
- рЅЁрІхрѕў рѕЮрѕЇріГрЅх ріарѕѕрІЇ рІѕрІГ ?

рІѕрѕІрїєрЅй рѕЇрїєрЅ╗рЅйрѕЂріЋ ріЦріЋрІ┤рЅх рѕўрїарЅарЅЁ рЅхрЅйрѕІрѕѕрЅ╣ рѕЁріГрѕЮріЊрѕх ріарѕѕрІЇ рІѕрІГ ??

рЅарѕЮріЋрѕўрїѕрЅарІЇ рѕЮрїЇрЅЦ рѕірЅђрІГрѕЕрІеріЋ рІГрЅйрѕІрѕЅ рІѕрІГ ? 

ріарѕЂріЉріЉ рїѕрЅЦрЅ░рІЇ рѕЎрѕЅ рЅфрІ▓рІ«рІЇріЋ рІГрѕўрѕЇріерЅ▒ !

https://youtu.be/0k65P5ouw7s?si=qaUgo75bUa3AMQxD",
DoctorsET,859,2023-08-29 17:20:05,"­ЪЉЄ­ЪЉЄ­ЪЉЄ­ЪЉЄ­ЪЉЄ­ЪЉЄ https://youtu.be/-AR1KO2DbFw?si=47cXLZtlmhx1Nlqc  
**
рІХріГрЅ░рѕГрѕх рібрЅхрІ«рїйрІФ рЅаріарІ▓рѕх рЇЋрѕ«рїѕрѕФрѕЮ рїђрѕўрѕе**

рѕЏрѕерїЦ  (**рѕюріќрЇќрІЮ ) рїІрѕГ рЅ░рІФрІГрІъ рІерѕџрѕўрїБ рѕ┤рЅХрЅй рѕІрІГ рІерѕџріерѕ░рЅх рІерїцріЊ рЅйрїЇрѕ«рЅй**

**рѕ┤рЅХрЅй рѕІрІГ рІерѕџріерѕ░рЅх рІе рїЇрЅЦрѕерѕхрїІ рїЇріЋріЎріљрЅх рѕхрѕюрЅх рѕўрЅђріљрѕх ?**


**рІерѕ┤рЅХрЅй рІерІѕрѕГ ріарЅарЅБ рїЇрІю ріЦріЊ рѕїрѕјрЅйрѕЮ рїЅрІ│рІ«рЅй рЅ░ріљрѕхрЅ░рІІрѕЇ ріарѕЂріЉріЉ рІГрѕўрѕЇріерЅ▒ !!
**

**ріе рЅ┤рѕїрЅфрІЦріЋ рЇЋрѕ«рїЇрѕФрѕърЅ╗рЅйріЋ рЅарЅ░рїерѕЏрѕф ріарІ▓рѕх рЅарѕЇрІЕ ріарЅђрѕФрѕерЅЦ рІГрЅарѕЇрїЦ рІеріЊріЋрЅ░ріЋ рІерЅ░рѕўрѕЇріФрЅй рїЦрІФрЅё рѕѕрѕўрѕўрѕѕрѕх **

рІГрѕЁріЋ рІерѕўрѕ░рѕѕ рЇЋрѕ«рїЇрѕФрѕЮ рІГрІўріЋ рѕўрЅ░ріЊрѕЇ 


рІерїцріЊ рїЦрІФрЅёрІјріЋ рѕѕрѕўрѕІріГ @doctorsEt 


https://youtu.be/-AR1KO2DbFw?si=47cXLZtlmhx1Nlqc",
DoctorsET,848,2022-08-02 17:42:08,"ріГрѕерѕЮрЅ▒ріЋ рѕхрЇќрѕГрЅх рѕўрѕхрѕФрЅх ріарѕхрЅарІЇ рїѓрѕЮ рѕѕрѕўрїЇрЅБрЅх ріФрѕЇрЅ╗рѕЅ рЅБрѕЅрЅарЅх рЅдрЅ│ рѕєріљрІЇ

ріЦріљрІџрѕЁріЋ ріЦріЋрЅЁрѕхрЅЃрѕ┤рІјрЅй рЅарѕЏрІхрѕерїЇ рЅа ріарїГрѕГ рїЇрІю рІЇрѕхрїЦ рѕѕрІЇрїЦ рѕЏрѕЮрїБрЅх рІГрЅйрѕІрѕЅ 

ріЦрЅцрЅхрІј рѕєріљрІЇ рїарІјрЅх рІѕрІГріЋрѕЮ рѕЏрЅ│ рѕІрІГ рЅа 5 рІ░рЅЃрЅЃ рІЇрѕхрїЦ рЅЦрЅ╗ 

- рІерїјріЋ рЅдрѕГрїГ(рѕхрЅЦ) рѕѕрѕЏрїЦрЇІрЅх 
- рЅђріЋрІјріЋ рЅаріЋрЅЃрЅх рѕѕрѕўрїђрѕўрѕГ 

ріЦріљрІџрѕЁріЋ ріЦріЋрЅЁрѕхрЅЃрѕ┤рІјрЅй рІФрІхрѕГрїЅ 
рѕѕрѕЂрѕЅрѕЮ ріЦрІхрѕю ріГрѕЇрѕЇ рІерѕџрѕєріЋ ріЦріЋрЅЁрѕхрЅЃрѕ┤ рѕхрѕѕрѕєріљ ріе рЅцрЅ░рѕ░рЅд рїІрѕГ рѕўрѕхрѕФрЅх рІГрЅйрѕІрѕЅ !!

рѕіріЋріЕріЋ рЅарѕўрїФріЋ рІГрѕўрѕЇріерЅ▒ / рІХріГрЅ░рѕГрѕх рібрЅхрІ«рїхрІФ 
­ЪЉЄ­ЪЉЄ­ЪЉЄ­ЪЉЄ­ЪЉЄ
https://youtu.be/0uiTzjEbh90",
DoctorsET,847,2022-06-12 17:15:47,"рѕхрЇќрѕГрЅх рІерѕўрѕхрѕФрЅх рѕ▒рѕх рІГріќрѕГ рІГрѕєріЋ?

рЅаріарѕЂріЉ рІѕрЅЁрЅх рЅЦрІЎ рІерѕхрЇќрѕГрЅх рѕўрѕхрѕфрІФ рЅдрЅ│рІјрЅй рЅ░рїеріЊріЋрЅђрІЇ рІГрЅ│рІФрѕЇ

рѕхрЇќрѕГрЅх рѕўрѕхрѕФрЅх рѕѕрїцріЊ рїарЅЃрѕџ рЅбрѕєріЋрѕЮ ріЦріЋрІ│ріЋрІх рїЇрІю рїЇріЋ ріерІЏ рЅарѕІрІГрѕЮ ріарѕЇрЇј рѕхрЇќрѕГрЅх ріФрѕЇрѕ░рѕФрІЇ рІ▓рЇЋрѕгрѕйріЋ рІЇрѕхрїЦ рїѕрЅБрѕѕрІЇ / рѕ░рІЇріљрЅ┤ рІГрЅарѕІрѕ╗рѕЇ рІерѕџрѕЅ рѕ░рІјрЅйрѕЮ ріарѕЅ!

рѕ▒рѕх рѕЏрѕѕрЅх рѕФрѕхріЋ рѕѕ рѕєріљ ріљрїѕрѕГ рЅ░рїѕрІб рѕЏрІхрѕерїЇ ріљрІЇ! 

   рѕхрѕѕрІџрѕЁ рѕхрЇќрѕГрЅх рѕўрѕхрѕФрЅх ріЦрІЇріљрЅх рѕ▒рѕх рІГрѕєріЋ?

­ЪЉЄ­ЪЉЄ­ЪЉЄ рѕЎрѕЅ рЅфрІ▓рІ«рІЇріЋ рЅа рІ«рЅ▓рІЇрЅЦ рІГрѕўрѕЇріерЅ▒ 

 рѕхрЇќрѕГрЅх рЅцрЅх (рїѓрѕЮ) рѕѕрѕџрІФрЅарІЎ рѕЂрѕЅ рѕ╝рѕГ рІФрІхрѕГрїЅ!
­ЪЉЄ­ЪЉЄ­ЪЉЄ
https://youtu.be/WPlRuRtQXN8",
DoctorsET,846,2022-05-31 17:51:13,"рІхріЋрїѕрЅ░ріЏ ріарІ░рїІ / рІеріарїЦріЋрЅх рѕхрЅЦрѕФрЅх

ріарІФрѕГрїѕрІЇріЊ рІхріЋрїѕрЅ░ріЏ рІерѕєріљ ріарІ░рїІ рЅбрІ░рѕГрѕхрЅд рѕЮріЋ рѕЏрІхрѕерїЇ ріЦріЋрІ│рѕѕрЅд рІФрЅЃрѕЅ?

рЅарѕЃрїѕрѕФрЅйріЋ рІерѕўріфріЊ ріарІ░рїІ рЅа ріерЇЇрЅ░ріЏ рІ░рѕерїЃ ріарІерїерѕўрѕе ріЦріЊ рІерЅЦрІЎ рѕ░рІјрЅйріЋ рѕѓрІѕрЅх ріЦрІерЅђрїарЇѕрѕЮ рІГрїѕріЏрѕЇ рЇб

рЅарѕЃрїѕрѕФрЅйріЋ рІФрѕѕрІЇрѕЮ рІѕрЅЁрЅ│рІі рѕЂріћрЅ│рѕЮ рїдрѕГріљрЅХрЅй рЅЦрІЎ рѕ░рІјрЅйріЋ рѕѕ рІхріЋрїѕрЅ░ріЏ рІерѕєріљ ріарІ░рїІрІјрЅй : рѕхрЅЦрѕФрЅХрЅй рІФрїІрѕЇрїБрѕЇрЇб

рІХ/рѕГ рЅЃрѕЇрЅѓрІ│ріЋ (ріарїЦріЋрЅх рѕхрЇћрѕ╗рѕірѕхрЅх рѕЃріфрѕЮ) рѕхрѕѕ рІхріЋрїѕрЅ░ріЏ ріарІ░рїІ ріЦріЊ рѕхрЅЦрѕФрЅХрЅй ріарЅЦрѕФрѕГрЅХрѕЇріЊрѕЇ

ріЦрѕГрѕХрѕЮ рІГрѕЁ рЅйрїЇрѕГ рЅбрІ░рѕГрѕхрЅд рѕЏрІхрѕерїЇ рІФрѕѕрЅдрЅхріЋ ріљрїѕрѕГ рЅђрІхрѕўрІЇ рІГрІѕрЅЂ 

**рІХріГрЅ░рѕГрѕх рібрЅхрІ«рїхрІФ рЅа ріарІ│рІ▓рѕх рЇЋрѕ«рїЇрѕФрѕърЅйріЊ рІеріЊріЋрЅ░ріЋ рїЦрІФрЅёрІјрЅй рЅарѕХрѕ╗рѕЇ рѕџрІ▓рІФ рѕўрѕЇрѕх рІерѕџрІФрїѕріЎрЅарЅхріЋ рѕўріЋрїѕрІх ріЦрІФрѕхрЅ░ріФріерѕЇріЋ рѕ▓рѕєріЋ ріе рЅхріЋрѕй рІе ріЦрѕерЇЇрЅх рїЇрІюрІФрЅх рЅаріІрѕІ рЅа рЅ┤рѕїрЅфрІЦріЋ рЇЋрѕ«рїЇрѕЏрЅйріЋ рЅа рЇІріЊ рЅ┤рѕїрЅфрІЦріЋ рІФрїѕріЎріЊрѕЇ**

ріерЅ│рЅй рІФрѕѕрІЇріЋ рЅарѕўрїФріЋ рІГрѕўрѕЇріерЅ▒!
­ЪЉЄ­ЪЉЄ­ЪЉЄ­ЪЉЄ­ЪЉЄ­ЪЉЄ­ЪЉЄ
https://youtu.be/QI-8oqW80uI",
DoctorsET,845,2022-05-20 18:04:53,"ріерЅхріЋрѕй рїЇрІџрІФрЅх рЅарЇірЅх рѕхрЇќрѕГрЅх рѕўрѕхрѕФрЅх ріЦріЋрІ░ рЅЁріЋрїдрЅх рІГрЅ│рІГ ріљрЅарѕГ ріарѕЂріЋ рѕІрІГ рїЇріЋ рЅа рѕхрЇќрѕГрЅх рѕўрѕхрѕФрІФ рЅдрЅ│рІјрЅй рѕІрІГ рЅЦрІЎрІјрЅй рѕ▓рѕ░рѕЕ рІГрЅ│рІФрѕЇ

рІГрѕЁріЋріЋрѕЮ рЅ░ріерЅхрѕј рѕхрЇќрѕГрЅх рѕЏрІѕрЅЁ рІФрѕѕрЅЦріЋ рЅарїБрѕЮ ріарѕхрЇѕрѕІрїі ріљрїѕрѕГ ріарѕѕ!

рЅЦрІЎ рѕ░рІЇ ріаріЋрІх ріарѕўрЅх рІФрѕЁрѕЇ рѕ░рѕГрЅ╗рѕѕрІЇ рѕѕрІЇрїЦ рѕЮріЋрѕЮ рІерѕѕріЮрѕЮ ! рѕхрЇќрѕГрЅх рїЦрЅЁрѕЮ рІерѕѕрІЇрѕЮ рІГрѕІрѕЇ

ріЦріЏ рѕЮріЋ рѕўрѕхрѕФрЅх ріЦріЋрІ│рѕѕрЅдрЅх рѕџрѕхрїЦрѕЕріЋ ріЦріЋріЋрїѕрѕ«рЅх!
  ріерІџ рЅаріІрѕІ рїірІюрІјріЋ рѕ│рІФрЅБріГріЉ рЅаріарїГрѕГ рїЇрІю рІЇрѕхрїЦ 
рѕѕрІЇрїдріЋ рІФрІФрѕЅрЇб

рЅарІџрѕЁ рІ«рЅ▓рІЇрЅЦ рЅфрІ▓рІ« рѕІрІГ 

рѕЮріЋ рѕўрѕхрѕФрЅх ріЦріЋрІ│рѕѕрЅдрЅх рѕѕ рїђрѕЏрѕф ріЦріЋрІ▓рѕЂрѕЮ рЅарѕўрѕхрѕФрЅх рѕІрІГ рѕІрѕІрЅ╣ 

ріарїГрѕГ рЅфрІ▓рІ« рІГрѕўрѕЇріерЅ▒
­ЪЉЄ­ЪЉЄ­ЪЉЄ­ЪЉЄ­ЪЉЄ­ЪЉЄ
https://youtu.be/_IEWt07bECg",
CheMed123,97,2023-02-10 12:23:06,"Рџа№ИЈ**Notice!
**Dear esteemed customers,
Due to four-day motorbike movement restrictions, we have limited our services to matchmaking,drug information, and medical consultation only.

**N.B. 
**­ЪћЁWe will make deliveries for those for whom the medications are urgent.
­ЪћЁYou can book deliveries starting from Monday, February 13, 2023",../docs/images\photo_2025-02-04_18-47-21.jpg
CheMed123,96,2023-02-02 08:58:52,"Mela-One рЅарІЇрѕхрїА рѕєрѕГрѕъріЋ рІФрѕѕрІЇ рІхріЋрїѕрЅ░ріЏ рІѕрѕірІх рѕўрЅєрїБрїарѕГрІФ рѕ▓рѕєріЋ рІФрѕѕрѕўріерѕІріерІФ рІерЅ░рІ░рѕерїѕ рІерїЇрЅЦрѕерѕхрїІ рїЇріЋріЎріљрЅх рѕ▓ріќрѕГ рЅа72 рѕ░рІЊрЅ│рЅх рІѕрѕхрїЦ рѕўрІѕрѕ░рІх рІГріќрѕГрЅарЅ│рѕЇрЇб

­ЪЊїріеChe-Med рѕѕрѕЏрІўрІЮрЇА 
рЅарЅ┤рѕїрїЇрѕФрѕЮ рїЇрѕЕрЇЊрЅйріЋ- t.me/CheMeds
рІїрЅЦрѕ│рІГрЅх- www.chemeds.org
рІГрІўрІЎріЋрЇб",../docs/images\photo_2025-02-04_18-47-22.jpg
CheMed123,95,2023-02-01 08:59:37,"**ріарІџрЅхрѕ«рѕЏрІГрѕ▓ріЋ** рЅарѕЃріфрѕЮ рѕўрІхрѕЃріњрЅх рѕЏрІўрІБ ріерѕџрЅ│рІўрІЎ ріаріЋрЅ▓рЅБрІ«рЅ▓рі«рЅй ріаріЋрІ▒ рѕ▓рѕєріЋ рЅарѕГріерЅх рІФрѕЅ рЅБріГрЅ┤рѕГрІФрІјрЅйріЋ рІГрїѕрѕІрѕЇрЇб

рЅарЅђріЋ ріаріЋрІ┤ рѕѕ3 рЅђріЊрЅх рѕЮрїЇрЅЦ ріерѕўрЅЦрѕІрЅ│рЅйріЋ 1 рѕ░рІЊрЅх рЅђрІ░рѕЮ рЅЦрѕј рІѕрІГріЋрѕЮ ріерЅарѕІріЋ ріе 2 рѕ░рІЊрЅх рЅаріІрѕІ рѕўрІѕрѕ░рІх рІГріќрѕГрЅарЅ│рѕЇрЇб

­ЪЊїрІерѕЃріфрѕЮ рѕЏрІўрІБ ріФрѕЇрІјрЅх 
рЅарЅ┤рѕїрїЇрѕФрѕЮ рїЇрѕЕрЇЊрЅйріЋ-t.me/CheMeds
рІїрЅЦрѕ│рІГрЅх- www.chemeds.org
рІГрѕІріЕрѕЇріЋрЇб",../docs/images\photo_2025-02-04_18-47-22 (1).jpg
CheMed123,94,2023-01-31 09:19:53,"**Che-Med Trivia #3

**рѕЮрїЇрЅЦріЊ рѕўрїарїдрЅй ріаріЋрІ│ріЋрІх рѕўрІхрѕЃріњрЅХрЅй рЅарІ░ріЋрЅЦ ріЦріЋрІ│рІГрѕ░рѕЕ рѕірІФрІ░рѕГрїЅ рІГрЅйрѕІрѕЅрЇб рЅарІџрѕЁ рѕЂріћрЅ│ ріЦріљрІџрѕЁріЋ рѕўрІхрѕЃріњрЅХрЅй рѕЮрїЇрЅЦ ріерІѕрѕ░рІхріЋ ріе1 рѕ░рІЊрЅх ріЦрѕхріе 2 рѕ░рІЊрЅх рЅБрѕѕ рїірІю рІЇрѕхрїЦ рѕўрІЇрѕ░рІх рІФрѕхрЇѕрѕЇрїЇрІјрЅ│рѕЇрЇб

ріеріљрІџрѕЁрѕЮ рІѕрѕхрїЦ **рІеріЦріЋрЅЁрѕГрЅх рѕўрІхрѕЃріњрЅХрЅйрЇБOmeprazoleрЇБSildenafil(Viagra)рЇБCaptopril ріЦріЊ Ampicillin** рІГрїарЅђрѕ│рѕЅрЇб

рѕўрІхрѕЃріњрЅхрІј ріерѕЮрїЇрЅЦ рїІрѕГ рІФрѕѕрІЇріЋ ріарІѕрѕ│рѕ░рІх ріЦрѕГрїЇрїаріЏ ріФрѕЇрѕєріЉ рѕЃріфрѕЮрІјріЋ рІѕрІГрѕЮ рЇІрѕГрѕЏрѕ▓рѕхрЅхрІјріЋ рІФрѕЏріГрѕЕрЇб",../docs/images\photo_2025-02-04_18-47-22 (2).jpg
CheMed123,93,2023-01-30 09:45:25,"**Che-Med Trivia #2

**ріЦріЋрІ░ Ciprofloxacin, Doxycycline, Levothyroxine, Iron supplement рІФрѕЅ рѕўрІхрѕЃріњрЅХрЅйріЋ ріерІѕрЅ░рЅх ріЦріЊ ріерІѕрЅ░рЅх рЅ░рІІрЇЁрІќрІјрЅй рїІрѕГ ріЦріЋрІ▓рѕЂрѕЮ ріеріЦріЋрЅЂрѕІрѕЇ рїІрѕГ рѕўрІЇрѕ░рІх рѕўрІхрѕЃріњрЅХрЅ╣ рЅарѕ░рІЇріљрЅ│рЅйріЋ рІерѕџрЇѕрѕѕрїѕрІЇріЋ рѕхрѕФ ріЦріЋрІ│рІГрѕ░рѕЕ рІФрІ░рѕГрїІрЅИрІІрѕЇрЇб

рІГрѕЁрѕЮ рЅарІѕрЅ░рЅх рЅ░рІІрїйрідрІјрЅй рІЇрѕхрїЦ рІФрѕѕрІЇ ріФрѕЇрѕ▓рІерѕЮ ріЦріљрІџрѕЁ рѕўрІхрѕЃріњрЅХрЅй рЅарѕ░рІЇрЅ│рЅйріЋ рІѕрѕхрїЦ ріЦріЋрІ│рІГрІІрѕЁрІ▒ рїБрѕЇрЅЃ рѕхрѕѕрѕџрїѕрЅБ ріљрІЇрЇб",../docs/images\photo_2025-02-04_18-47-22 (3).jpg
CheMed123,92,2023-01-27 07:18:40,"**You can get our services at:
**Our pharmacist:** ****https://t.me/CheMedAssistant9798****
**Our call center: **9798
**Our website: **www.chemeds.org**",../docs/images\photo_2025-02-04_18-47-23.jpg
CheMed123,91,2023-01-26 18:27:53,"**Che-Med Trivia #1
**The U.S. pharmaceutical industry is the largest in the world, making up about 40% of the worldwide drug development, manufacturing, and revenue generation. And half of the worldРђЎs top 10 pharmaceutical companies are in America, including the headquarters for Johnson & Johnson, Pfizer, Merck and Co., AbbVie, Eli Lilly and Co., and Abbott Laboratories. In fact, Johnson & JohnsonРђЎs revenue alone reached $82.6 billion in 2020.",../docs/images\photo_2025-02-04_18-47-23 (1).jpg
CheMed123,90,2023-01-23 10:39:20,"**CVS Daytime & Nighttime Cold and Flu Relief

**рѕѕрѕ░рѕъріЉ рїЅріЋрЇІріЋ рѕЏрѕхрЅ│рїѕрѕ╗ рЅаріаріЋрІ░ріЮріљрЅх рЅ░рѕўрѕФрїГ рІерѕєріљрІЇріЋ **CVS Daytime & Nighttime Cold and Flu Relief** Che-Med рІГрІърѕІрЅйрѕЂ рѕўрїДрѕЇрЇб

рЅарЅЂрїЦрѕГ рІЇрѕхріЋ рѕхрѕѕрѕєріЉ рЅђрІхрѕўрІЇ рІГрІўрІЎріЋрЇб

рѕѕрѕЏрІўрІЮрЇд
Our pharmacist:** ****https://t.me/CheMedAssistant9798****
**Our call center: **9798
**Our website: www.chemeds.org

Che-Med is the best way to find your meds!",../docs/images\photo_2025-02-04_18-47-23 (2).jpg
CheMed123,89,2023-01-17 19:10:57,"­ЪЪарѕѕріЊріЋрЅ░ рѕѕрІ░рѕЮрЅаріърЅ╗рЅйріЋ рІГрѕєріЊрѕЅ рІФрѕЇріЊрЅИрІЅріЋ рѕЮрѕГрїЦ рЅФрІГрЅ│рѕџріЋріЊ рѕ░рЇЋрѕЇрѕўріЋрЅХрЅй ріЦріљрѕє!!

ріарїГрѕГ рІеTiktok рЅфрІ▓рІ«ріарЅйріЋріЋ рЅарѕўрѕўрѕЇріерЅх рїЇріЋрІЏрЅцрІјріЋ рІГрїерѕЮрѕЕрЇб
­ЪЉЄ­ЪЉЄ­ЪЉЄ­ЪЉЄ­ЪЉЄ­ЪЉЄ­ЪЉЄ­ЪЉЄ­ЪЉЄ­ЪЉЄ­ЪЉЄ­ЪЉЄ­ЪЉЄ
https://vm.tiktok.com/ZMYJHUVde/

рІеTiktok рЅ╗ріЊрѕІрЅйріЋріЋ Like ріЦріЊ Follow рІФрІхрѕГрїЅрЇб",
CheMed123,88,2023-01-17 08:43:12,"­Ъїъ**Sundown Cinnamon!
Supports sugar metabolism**.

Che-Med **Sundown Cinnamon** **Supplement Product** рІГрІърѕІрЅйрѕЂ рѕўрїДрѕЇрЇб

рЅарЅЂрїЦрѕГ рІЇрѕхріЋ рѕхрѕѕрѕєріЉ рЅђрІхрѕўрІЇ рІГрІўрІЎріЋрЇб

рѕѕрѕЏрІўрІЮрЇд
Our pharmacist:** ****https://t.me/CheMedAssistant9798****
**Our call center: **9798

**Che-Med is the best way to find your meds!",../docs/images\photo_2025-02-04_18-47-23 (3).jpg
lobelia4cosmetics,15287,2025-02-04 14:02:20,"JUNGLE OATS 
Price 3000 birr 
Telegram :-@Lobeliacosmetics
Msg­ЪЉЅ Lobelia pharmacy and cosmetics 
Рўј№ИЈ call 0911562031/0911587703
Adress:- Infront of Bole Medhanialem high school 
ALEMNESH PLAZA GROUND FLOOR 
Open Monday - Monday from 8am until midnight ріерѕ░ріъ - ріЦрѕхріе рѕ░ріъ┬а ріерїДрЅ▒ 2:00 рѕхрІЊрЅх - ріЦрѕхріе рѕЮрѕйрЅ▒ 6:00 рѕ░рІЊрЅх
­ЪЈЇ­ЪЈЇ­ЪЈЇ рІерЅхрѕФріЋрѕхрЇќрѕГрЅх ріарѕЏрѕФрїГ ріе70 - 500 рЅЦрѕГ
For delivery option fees are from 70 birr -500 birr",../docs/images\photo_2025-02-04_18-47-25.jpg
lobelia4cosmetics,15285,2025-02-04 14:02:20,"Nodules 
Price 400 birr 
Telegram :-@Lobeliacosmetics
Msg­ЪЉЅ Lobelia pharmacy and cosmetics 
Рўј№ИЈ call 0911562031/0911587703
Adress:- Infront of Bole Medhanialem high school 
ALEMNESH PLAZA GROUND FLOOR 
Open Monday - Monday from 8am until midnight ріерѕ░ріъ - ріЦрѕхріе рѕ░ріъ┬а ріерїДрЅ▒ 2:00 рѕхрІЊрЅх - ріЦрѕхріе рѕЮрѕйрЅ▒ 6:00 рѕ░рІЊрЅх
­ЪЈЇ­ЪЈЇ­ЪЈЇ рІерЅхрѕФріЋрѕхрЇќрѕГрЅх ріарѕЏрѕФрїГ ріе70 - 500 рЅЦрѕГ
For delivery option fees are from 70 birr -500 birr",../docs/images\photo_2025-02-04_18-47-25 (1).jpg
lobelia4cosmetics,15284,2025-02-04 14:02:19,"EUCERIN ANTI PIGMENT DUAL SERUM 
Price 8000 birr 
Telegram https://t.me/lobelia4cosmetics
Msg­ЪЉЅ Lobelia pharmacy and cosmetics 
Рўј№ИЈ call 0911562031/0911587703
Adress:- Infront of Bole Medhanialem high school 
Open Monday - Monday from 8am until midnight ріерѕ░ріъ - ріЦрѕхріе рѕ░ріъ┬а ріерїДрЅ▒ 2:00 рѕхрІЊрЅх - ріЦрѕхріе рѕЮрѕйрЅ▒ 6:00 рѕ░рІЊрЅх
­ЪЈЇ­ЪЈЇ­ЪЈЇ рІерЅхрѕФріЋрѕхрЇќрѕГрЅх ріарѕЏрѕФрїГ ріе70 - 200 рЅЦрѕГ
For delivery option fees are from 70 birr - 200 birr",../docs/images\photo_2025-02-04_18-47-25 (2).jpg
lobelia4cosmetics,15283,2025-02-04 14:02:19,"ENSURE 850GM
Price 3800 birr 
Telegram https://t.me/lobelia4cosmetics
Msg­ЪЉЅ Lobelia pharmacy and cosmetics 
Рўј№ИЈ call 0911562031/0911587703
Adress:- Infront of Bole Medhanialem high school 
Open Monday - Monday from 8am until midnight ріерѕ░ріъ - ріЦрѕхріе рѕ░ріъ┬а ріерїДрЅ▒ 2:00 рѕхрІЊрЅх - ріЦрѕхріе рѕЮрѕйрЅ▒ 6:00 рѕ░рІЊрЅх
­ЪЈЇ­ЪЈЇ­ЪЈЇ рІерЅхрѕФріЋрѕхрЇќрѕГрЅх ріарѕЏрѕФрїГ ріе70 - 200 рЅЦрѕГ
For delivery option fees are from 70 birr - 200 birr",../docs/images\photo_2025-02-04_18-47-26.jpg
lobelia4cosmetics,15282,2025-02-04 14:02:19,"Enfagrow A+
Price 5500 birr 
Telegram https://t.me/lobelia4cosmetics
Msg­ЪЉЅ Lobelia pharmacy and cosmetics 
Рўј№ИЈ call 0911562031/0911587703
Adress:- Infront of Bole Medhanialem high school 
Open Monday - Monday from 8am until midnight ріерѕ░ріъ - ріЦрѕхріе рѕ░ріъ┬а ріерїДрЅ▒ 2:00 рѕхрІЊрЅх - ріЦрѕхріе рѕЮрѕйрЅ▒ 6:00 рѕ░рІЊрЅх
­ЪЈЇ­ЪЈЇ­ЪЈЇ рІерЅхрѕФріЋрѕхрЇќрѕГрЅх ріарѕЏрѕФрїГ ріе70 - 200 рЅЦрѕГ
For delivery option fees are from 70 birr - 200 birr",../docs/images\photo_2025-02-04_18-47-26 (1).jpg
lobelia4cosmetics,15281,2025-02-04 14:02:19,"go & grow 850gm
Price 5500 birr 
Telegram https://t.me/lobelia4cosmetics
Msg­ЪЉЅ Lobelia pharmacy and cosmetics 
Рўј№ИЈ call 0911562031/0911587703
Adress:- Infront of Bole Medhanialem high school 
Open Monday - Monday from 8am until midnight ріерѕ░ріъ - ріЦрѕхріе рѕ░ріъ┬а ріерїДрЅ▒ 2:00 рѕхрІЊрЅх - ріЦрѕхріе рѕЮрѕйрЅ▒ 6:00 рѕ░рІЊрЅх
­ЪЈЇ­ЪЈЇ­ЪЈЇ рІерЅхрѕФріЋрѕхрЇќрѕГрЅх ріарѕЏрѕФрїГ ріе70 - 200 рЅЦрѕГ
For delivery option fees are from 70 birr - 200 birr",../docs/images\photo_2025-02-04_18-47-26 (2).jpg
lobelia4cosmetics,15280,2025-02-04 14:02:19,"ENFAGROW 
Price 5500
Telegram @Lobeliacosmetics
Msg­ЪЉЅ Lobelia pharmacy and cosmetics 
Рўј№ИЈ call 0911562031/0911587703
Adress:- Infront of Bole Medhanialem high school 
ALEMNESH PLAZA GROUND FLOOR 
Open Monday - Monday from 8am until midnight ріерѕ░ріъ - ріЦрѕхріе рѕ░ріъ┬а ріерїДрЅ▒ 2:00 рѕхрІЊрЅх - ріЦрѕхріе рѕЮрѕйрЅ▒ 6:00 рѕ░рІЊрЅх
­ЪЈЇ­ЪЈЇ­ЪЈЇ рІерЅхрѕФріЋрѕхрЇќрѕГрЅх ріарѕЏрѕФрїГ ріе70 - 200 рЅЦрѕГ
For delivery option fees are from 70 birr - 200 birr",../docs/images\photo_2025-02-04_18-47-26 (3).jpg
lobelia4cosmetics,15279,2025-02-04 14:02:19,"GLUCERNA 
Price 3300 birr 
Telegram https://t.me/lobelia4cosmetics
Msg­ЪЉЅ Lobelia pharmacy and cosmetics 
Рўј№ИЈ call 0911562031/0911587703
Adress:- Infront of Bole Medhanialem high school 
Open Monday - Monday from 8am until midnight ріерѕ░ріъ - ріЦрѕхріе рѕ░ріъ┬а ріерїДрЅ▒ 2:00 рѕхрІЊрЅх - ріЦрѕхріе рѕЮрѕйрЅ▒ 6:00 рѕ░рІЊрЅх
­ЪЈЇ­ЪЈЇ­ЪЈЇ рІерЅхрѕФріЋрѕхрЇќрѕГрЅх ріарѕЏрѕФрїГ ріе70 - 200 рЅЦрѕГ
For delivery option fees are from 70 birr - 200 birr",../docs/images\photo_2025-02-04_18-47-26 (4).jpg
lobelia4cosmetics,15278,2025-02-04 14:02:19,"NIDO 1.8KG 
Price 4500 birr 
Telegram https://t.me/lobelia4cosmetics
Msg­ЪЉЅ Lobelia pharmacy and cosmetics 
Рўј№ИЈ call 0911562031/0911587703
Adress:- Infront of Bole Medhanialem high school 
Open Monday - Monday from 8am until midnight ріерѕ░ріъ - ріЦрѕхріе рѕ░ріъ┬а ріерїДрЅ▒ 2:00 рѕхрІЊрЅх - ріЦрѕхріе рѕЮрѕйрЅ▒ 6:00 рѕ░рІЊрЅх
­ЪЈЇ­ЪЈЇ­ЪЈЇ рІерЅхрѕФріЋрѕхрЇќрѕГрЅх ріарѕЏрѕФрїГ ріе70 - 200 рЅЦрѕГ
For delivery option fees are from 70 birr - 200 birr",../docs/images\photo_2025-02-04_18-47-27.jpg
lobelia4cosmetics,15277,2025-02-04 05:47:21,"PRENATAL 120 GUMMIES 
Price 6500 birr 
Telegram https://t.me/lobelia4cosmetics
Msg­ЪЉЅ Lobelia pharmacy and cosmetics 
Рўј№ИЈ call 0911562031/0911587703
Adress:- Infront of Bole Medhanialem high school 
Open Monday - Monday from 8am until midnight ріерѕ░ріъ - ріЦрѕхріе рѕ░ріъ┬а ріерїДрЅ▒ 2:00 рѕхрІЊрЅх - ріЦрѕхріе рѕЮрѕйрЅ▒ 6:00 рѕ░рІЊрЅх
­ЪЈЇ­ЪЈЇ­ЪЈЇ рІерЅхрѕФріЋрѕхрЇќрѕГрЅх ріарѕЏрѕФрїГ ріе70 - 200 рЅЦрѕГ
For delivery option fees are from 70 birr - 200 birr",../docs/images\photo_2025-02-04_18-47-27 (1).jpg
yetenaweg,1245,2025-01-22 09:50:46,"­ЪјЌ** рїЦрѕГ рІерѕЏрѕЁрЇђріЋ рЅарѕГ рїФрЇЇ ріФріЋрѕ░рѕГ рІерїЇріЋрІЏрЅц рѕЏрѕхрїерЅарїФ рІѕрѕГ ріљрІЇ!** ­ЪњЎРюе

­ЪЕ║ рЅЂрѕЇрЇЇ рѕЏрѕ│рѕ░рЅбрІФрІјрЅйрЇА-

**­Ъћ╣ рЅарѕўрІ░рЅаріЏріљрЅх рІГрѕўрѕГрѕўрѕЕрЇА рІерЇЊрЇЋ рѕхрѕџрѕГ ріЦріЊ рІе HPV рѕЮрѕГрѕўрѕФрІјрЅй рЅђрІ░рѕЮ рЅЦрѕј рѕѕрѕўрѕѕрІерЅх ріарѕхрЇѕрѕІрїі ріЊрЅИрІЇрЇб
­Ъћ╣ рѕўріерЅ░рЅЦрЇА рІе HPV ріГрЅхрЅБрЅх рІерѕЏріЁрЇђріЋ рЅарѕГ ріФріЋрѕ░рѕГріЋ рѕѕрѕўріерѕІріерѕЇ рІѕрѕ│ріЮ ріљрІЇрЇб
­Ъћ╣ рѕЮрѕЇріГрЅХрЅ╣ріЋ рІГрІѕрЅЂрЇА- рІФрѕЇрЅ░рѕѕрѕўрІ░ рІерІ░рѕЮ рѕўрЇЇрѕ░рѕхрЇБ рЅарїЇріЋріЎріљрЅх рІѕрЅЁрЅх рѕЁрѕўрѕЮрЇБ рѕўрїЦрЇј рїарѕеріЋ рІФрѕѕрІЇ рЇѕрѕ│рѕйРђдрІѕрІўрЅ░**

­ЪњА рІерѕЏрѕЁрЇђріЋ рЅарѕГ рїФрЇЇ ріФріЋрѕ░рѕГ **рЅХрѕј ріерЅ░рїѕріў рѕіріерѕІріерѕЅрЅх ріерѕџрЅйрѕЅ ріЦріЊ рѕірЅ│ріерѕЎ ріерѕџрЅйрѕЅ ріФріЋрѕ░рѕ«рЅй ріаріЋрІ▒ ріљрІЇ**рЇб 

­ЪЏА **рІерѕЏрѕЁрЇђріЋ рЅарѕГ ріФріЋрѕ░рѕГріЋ рЅарѕўріерѕІріерѕЇ ріЦріЊ рЅђрІхрѕъ рЅарѕЏріерѕЮ рЅарѕйрЅ│рІЇріЋ рѕўрЅђріљрѕх рІГрЅ╗рѕІрѕЇ::**

РюЇ№ИЈ рѕхрѕѕ рІерѕЏрѕЁрЇђріЋ рЅарѕГ ріФріЋрѕ░рѕГріЋ рІерЅарѕѕрїа рѕѕрѕЏріЋрЅарЅЦ рІерѕџріерЅ░рѕѕрІЇріЋ рѕЏрѕхрЇѕріЋрїарѕфрІФ рІГрїФріЉ: [ріЦрІџрѕЁ рІГрїФріЉ](https://cutt.ly/se3YngvH)",
yetenaweg,1243,2025-01-07 03:35:26,"**­ЪїЇ­Ъцћ рѕГріЦрІ░ рѕўрѕгрЅх рЅбріерѕ░рЅх рѕЮріЋ рѕЏрІхрѕерїЇ ріЦріЋрІ│рѕѕрЅЦрІјрЅх рІФрІЇрЅЃрѕЅ? **

**Рџа№ИЈрѕГріЦрІ░ рѕўрѕгрЅх рІФрѕѕрѕЮріЋрѕЮ рѕЏрѕхрїаріЋрЅђрЅѓрІФ  рѕіріерѕ░рЅх рІГрЅйрѕІрѕЇрЇБ рІГрѕЁрѕЮ рЅарѕЁрІГрІѕрЅх ріЦріЊ ріЋрЅЦрѕерЅх рѕІрІГ ріерЇЇрЅ░ріЏ рїЅрІ│рЅх рІФрѕхріерЅхрѕІрѕЇрЇб 

РюЁрІЮрїЇрїЂ рѕўрѕєріЋ  рІ░рѕЁріЋріљрЅхріЋ рѕѕрѕўрїарЅарЅЁ рІерѕўрїђрѕўрѕфрІФрІЇ ріЦрѕГрѕЮрїЃ ріљрІЇРђћріЦрѕФрѕхрІјріЋ рІГрїарЅЦрЅЂ рЇБ рІеріарІ░рїІ рїірІю ріЦрЅЁрІх рІГріЉрѕГрІјрЅхрЇБ рѕГріЦрІ░ рѕўрѕгрЅх рЅарѕџріерѕ░рЅхрЅарЅх рїірІю ріЦріЊ рЅаріІрѕІ рѕЮріЋ рѕЏрІхрѕерїЇ ріЦріЋрІ│рѕѕрЅдрЅх рІГрІѕрЅЂ:-**


­ЪЉЅ **рЅБрѕЅрЅарЅх рІЮрЅЁ рІГрЅарѕЅрЇБ рЅаріЦрїєрЅйрІј  ріЦріЊ рїЅрѕЇрЅарЅХрЅйрІј рІГрѕѓрІ▒**рЇб рІГрѕЁ ріаріФрѕёрІх рЅарѕџрІѕрІхрЅЂ ріљрїѕрѕ«рЅй ріЦріЊ рЇЇрѕГрѕхрѕФрѕЙрЅй ріерѕўрѕўрЅ│рЅх ріЦріЊ рѕўрІЇрІ░рЅЁ рІГріерѕІріерѕІрѕЇрЇБ рІѕрІ░ рІ░рѕЁріЋріљрЅх рѕ│рІГрїјрІ▒ ріЦріЋрІ▓рѕёрІ▒ рІФрѕхрЅйрѕІрѕЇ­Ъџе рЇб

­ЪЉЅ **рїГріЋрЅЁрѕІрЅхрІјріЋ ріЦріЊ ріаріЋрїѕрЅхрІјріЋ рЅаріЦрїЁрІј рІГрѕИрЇЇ**ріЉ рЇБ рїаріЋріФрѕФ рїарѕерї┤рІЏ рЅаріарЅЁрѕФрЅбрІФ ріФрѕѕ ріерѕ▒ рѕхрѕГ рѕѕрїЦрЅарЅЃ рЅарѕўрїЇрЅБрЅх рІГрїарѕѕрѕЅ ­ЪЏАрЇб

­ЪЉЅ рѕЮріЋрѕЮ рѕўрїарѕѕрІФ ріерѕїрѕѕрЇБ **ріерѕўрѕхрі«рЅХрЅй рІГрѕФрЅЂ**рЇБ рІѕрІ░ рІерЅцрЅ▒/рѕЁріЋрї╗ рІЇрѕхрїаріЏрІЇ рїЇрІхрїЇрІ│ рІГрѕѓрІ▒ ріЦріЊ ріЦрѕФрѕхрІјріЋ ріерѕџрІѕрІхрЅЂ ріљрїѕрѕ«рЅй рІѕрІГрѕЮ рЇЇрѕГрѕхрѕФрѕЙрЅй рѕѕрѕўріерѕІріерѕЇ **рїјріЋрЅарѕх рІГрЅарѕЅ** ­ЪЏАрЇб

**РЮЌ№ИЈрЅарїарѕерї┤рІЏ  рѕхрѕГ ріерЅ░рїарѕѕрѕЅ рЅарѕўріЋрЅђрїЦрЅђрїА рїірІю рѕіріЋрЅђрѕ│рЅђрѕх рѕхрѕѕрѕџрЅйрѕЅ ріарїЦрЅЦрЅђрІЇ рІГрІФрІЎрЅхрЇб
РЮЌ№ИЈрїГріЋрЅЁрѕІрЅхрІјріЋ ріЦріЊ ріаріЋрїѕрЅхрІјріЋ рЅаріЦрїЁрІј рІГрѕИрЇЇріЉ рЇБ рѕўрїарѕѕрІФ ріерѕїрѕѕ рѕўріЋрЅђрїЦрЅђрїА ріЦрѕхріфрЅєрѕЮ рІхрѕерѕх рЅарѕЂрѕѕрЅ▒рѕЮ ріЦрїєрЅйрІј рїГріЋрЅЁрѕІрЅхрІјріЋ ріЦріЊ ріаріЋрїѕрЅхрІјріЋ рЅарѕўрѕИрЇѕріЋ ріЦрѕФрѕхрІјріЋ рІГрїарЅЦрЅЂрЇб**

**­ЪїЇ­ЪЊ▒рЅарѕўрѕгрЅх рѕўріЋрЅђрїЦрЅђрїЦ рІѕрЅЁрЅх рІеріЦрѕГрѕхрІјріЋрѕЮ рѕєріљ рІерЅцрЅ░рѕ░рЅЦрІјріЋ рІ░рѕЁріЋріљрЅх рѕѕрѕўрїарЅарЅЁ  рІѕрЅЁрЅ│рІі рІерѕєріЉ рѕЏріЋрЅѓрІФрІјрЅйріЋрЇБ рѕўрѕўрѕфрІФрІјрЅйріЋ рѕѕрѕЏрїЇріўрЅх рІГрѕЁріЋ рѕўрЅ░рїЇрЅарѕфрІФ рІГрїарЅђрѕЎ**:-

­ЪЉЅ**IOS**[**:**](https://apps.apple.com/us/app/rilevatore-terremoto/id1449893235) ріЦрІџрѕЁ рІГрїФріЉ[ ](https://play.google.com/store/apps/details?id=com.finazzi.distquake)**
­ЪЉЅAndroid: **[ріЦрІџрѕЁ рІГрїФріЉ ](https://play.google.com/store/apps/details?id=com.finazzi.distquake)
**­ЪЉЅHuawei App Gallery**: [ріЦрІџрѕЁ рІГрїФріЉ](https://appgallery7.huawei.com/#/app/C101792515)",
yetenaweg,1242,2024-12-16 07:08:46,"­ЪјЎРюе **рІерїцріЊ рІѕрїЇ рЅфрІ▓рІ« рЇќрІхріФрѕхрЅх** Рюе­ЪјЎ

­ЪцЮріе **EngenderHealth **ріЦріЊ ріе**Saint Paul Institute for Reproductive Health and Rights (SPIRHR)** рїІрѕГ рЅарѕўрЅ░рЅБрЅарѕГ:

                            **­ЪЉеРђЇ­ЪЉЕРђЇ­ЪЉДРђЇ­ЪЉдрІерЅцрЅ░рѕ░рЅЦ рѕЮрїБріћ­ЪЉеРђЇ­ЪЉЕРђЇ­ЪЉДРђЇ­ЪЉд**

­ЪїЪ рІЇрІГрІГрЅ▒ рІЇрѕхрїЦ рІерЅ░ріФрЅ░рЅ▒рЅх рѕГрІЋрѕХрЅйрЇА-

**­Ъцћ рІерЅцрЅ░рѕ░рЅЦ рѕЮрїБріћ рѕЏрѕѕрЅх рѕЮріЋ рѕЏрѕѕрЅх ріљрІЇрЇб
­Ъњі­Ъц▒ рІерЅ░рѕѕрІФрІЕ ріарІГріљрЅх рІеріЦрѕГрїЇрІЮріЊ рѕўріерѕІріерІФ рІўрІ┤рІјрЅй ріЦріЊ ріарїарЅЃрЅђрѕЏрЅИрІЇ
Рџќ№ИЈ рїЦрЅЁрѕърЅ╗рЅИрІЇрЇБ рїЅрІ│рЅХрЅ╗рЅИрІЇ ріЦріЊ рІЇрїцрЅ│рѕЏріљрЅ│рЅИрІЇ
­ЪњА­ЪњЉ рѕѕрЇЇрѕІрїјрЅхрІј рЅхріГріГрѕѕріЏрІЇріЋ рІеріЦрѕГрїЇрІЮріЊ рѕўріерѕІріерІФ рІўрІ┤ рѕўрѕЮрѕерїЦ
­Ъњг ріЦріЊ рѕїрѕјрЅй рЅ░рїерѕЏрѕф рІерѕўрІѕрІФрІФ** **ріљрїЦрЅдрЅй **

­ЪЉЅрІЇрІГрІГрЅ▒ріЋ рѕѕрѕўрѕўрѕЇріерЅх [ріЦрІџрѕЁ рІГрїФріЉ ](https://youtu.be/hdoMn7aXZKk)

**­ЪїЪрІерІЕрЅ▓рІЕрЅЦ рЅ╗ріЊрѕІрЅйріЋріЋ рѕ░рЅЦрѕхріГрѕФрІГрЅЦ рЅарѕЏрІхрѕерїЇ рЅарЅђрїБрІГ ріарІ▓рѕх рЇќрІхріФрѕхрЅХрЅйрЇБ рЅарїцріЊ ріЦріЊ рІ░рѕЁріЋріљрЅх рїЅрІ│рІ«рЅй рѕІрІГ ріерЅБрѕѕрѕЎрІФ рїІрѕГ рІФрІ░рѕеріЏрЅИрІЇ рІЇрІГрІГрЅХрЅйріЋ рѕЏрїЇріўрЅх рІГрЅйрѕІрѕЅрЇб ­ЪјЎ

­ЪЊ╣ YouTube: ****https://www.youtube.com/c/YeTenaWeg?sub_confirmation=1**

**­ЪЊ▒ ріарІ│рІ▓рѕх рѕўрѕерїЃрІјрЅйріЋ рѕѕрѕЏрїЇріўрЅх рЅарѕЏрѕЁрЅарѕФрІі рѕџрІ▓рІФрІјрЅ╗рЅйріЋ рѕІрІГ рІГріерЅ░рѕЅріЋ:

­ЪЊИ Instagram: ****https://instagram.com/yetena_weg?r=nametag****
­Ъљд Twitter: ****https://twitter.com/yetenaw?s=21&t=NyVsmz_NUwSnHTOXIw8vZw****
­ЪЊў Facebook: ****https://www.facebook.com/YeTenaw****
­ЪЊ╣ YouTube: ****https://www.youtube.com/c/YeTenaWeg?sub_confirmation=1****
­Ъїљ Website: ****https://yetenaweg.com/**** 
­Ъњ╝ LinkedIn: ****https://www.linkedin.com/company/yetena-weg/**",
yetenaweg,1241,2024-12-13 06:49:28,"**­ЪјЎРюе рІерїцріЊ рІѕрїЇ рЅфрІ▓рІ« рЇќрІхріФрѕхрЅх Рюе­ЪјЎ**

рЅа **EngenderHealth **ріЦріЊ **Saint Paul Institute for Reproductive Health and Rights (SPIRHR) **рїІрѕГ рЅарѕўрЅ░рЅБрЅарѕГ:
       
**­ЪДњРъА№ИЈ­ЪДЉрїЅрѕГрѕЮрѕхріЊ­Ъћё** 

­ЪїЪ рІерЅ░ріФрЅ░рЅ▒рЅх рѕГрІЋрѕХрЅй:

**__­Ъћ╣ рЅарїЅрѕГрѕЮрѕхріЊ рІѕрЅЁрЅх рѕЮріЋ рѕѕрІЇрїдрЅй рІГріерѕ░рЅ│рѕЅ?
­Ъћ╣ ­ЪЉеРђЇ­ЪЉЕРђЇ­ЪЉДРђЇ­ЪЉд рІѕрѕІрїєрЅй рѕхрѕѕ-рѕхріљ рЅ░рІІрѕЇрІХ рїцріЋріљрЅх ріерѕЇрїєрЅ╗рЅИрІЇ рїІрѕГ рѕўрЅ╝ рѕўрІѕрІФрІерЅх ріарѕѕрЅБрЅИрІЇ?
­Ъћ╣ ­ЪДЉРђЇРџЋ№ИЈ рІѕрїБрЅХрЅй рЅарѕўрѕерїЃ рѕІрІГ рІерЅ░рѕўрѕ░рѕерЅ░ рѕЮрѕГрїФ рѕЏрІхрѕерїЇ рІерѕџрЅйрѕЅрЅх ріЦріЋрІ┤рЅх ріљрІЇ?
­Ъњг ріЦріЊ рѕїрѕјрЅй рЅ░рїерѕЏрѕф рІЇрІГрІГрЅХрЅй!__**

­ЪЉЅрІЇрІГрІГрЅ▒ріЋ рѕѕрѕўрѕўрѕЇріерЅх [ріЦрІџрѕЁ рІГрїФріЉ ](https://youtu.be/GCthKAXhQ2o)

**­ЪїЪрІерІЕрЅ▓рІЕрЅЦ рЅ╗ріЊрѕІрЅйріЋріЋ рѕ░рЅЦрѕхріГрѕФрІГрЅЦ рЅарѕЏрІхрѕерїЇ рЅарЅђрїБрІГ ріарІ▓рѕх рЇќрІхріФрѕхрЅХрЅйрЇБ рЅарїцріЊ ріЦріЊ рІ░рѕЁріЋріљрЅх рїЅрІ│рІ«рЅй рѕІрІГ ріерЅБрѕѕрѕЎрІФ рїІрѕГ рІФрІ░рѕеріЏрЅИрІЇ рІЇрІГрІГрЅХрЅйріЋ рѕЏрїЇріўрЅх рІГрЅйрѕІрѕЅрЇб ­ЪјЎ

­ЪЊ╣ YouTube: ****https://www.youtube.com/c/YeTenaWeg?sub_confirmation=1**

**­ЪЊ▒ ріарІ│рІ▓рѕх рѕўрѕерїЃрІјрЅйріЋ рѕѕрѕЏрїЇріўрЅх рЅарѕЏрѕЁрЅарѕФрІі рѕџрІ▓рІФрІјрЅ╗рЅйріЋ рѕІрІГ рІГріерЅ░рѕЅріЋ:

­ЪЊИ Instagram: ****https://instagram.com/yetena_weg?r=nametag****
­Ъљд Twitter: ****https://twitter.com/yetenaw?s=21&t=NyVsmz_NUwSnHTOXIw8vZw****
­ЪЊў Facebook: ****https://www.facebook.com/YeTenaw****
­ЪЊ╣ YouTube: ****https://www.youtube.com/c/YeTenaWeg?sub_confirmation=1****
­Ъїљ Website: ****https://yetenaweg.com/**** 
­Ъњ╝ LinkedIn: ****https://www.linkedin.com/company/yetena-weg/**",
yetenaweg,1240,2024-12-12 03:02:57,"**­ЪјЎРюе рІерїцріЊ рІѕрїЇ рЅфрІ▓рІ« рЇќрІхріФрѕхрЅх Рюе­ЪјЎ**

**­ЪцЮріе EngenderHealth ріЦріЊ ріеSaint Paul Institute for Reproductive Health and Rights (SPIRHR) рїІрѕГ рЅарѕўрЅ░рЅБрЅарѕГ:**
**
                     ­Ъц░­ЪЈЙ рІерІхрѕЁрѕе рІѕрѕірІх рїцріЊ ­Ъц▒­ЪЈЙ**

__­ЪДЇ­ЪЈйРђЇРЎђ№ИЈ ріерІѕрѕірІх рЅаріІрѕІ рІерѕџріерѕ░рЅ▒ рЅЂрѕЇрЇЇ рІЇрѕхрїБрІі ріЦріЊ рІЇрїфрІФрІі ріаріФрѕІрІі рѕѕрІЇрїдрЅй
РЮЌ№ИЈріерІѕрѕірІх рЅаріІрѕІ рѕірѕўрїА рІерѕџрЅйрѕЅ  рЅйрїЇрѕ«рЅй рѕЮрѕЇріГрЅХрЅй
­Ъњі рІеріЦрѕГрїЇрІЮріЊ рѕўріерѕІріерІФ ріарѕЏрѕФрї«рЅй
­ЪЇј ріарѕўрїІрїѕрЅЦ ріЦріЊ рІеріарѕўрїІрїѕрЅЦ рѕхрѕГріарЅх
­ЪЈЃРђЇРЎђ№ИЈ рІеріаріФрѕЇ рЅЦрЅЃрЅх ріЦріЋрЅЁрѕхрЅЃрѕ┤__

­ЪЉЅ**рІЇрІГрІГрЅ▒ріЋ рѕѕрѕўрѕўрѕЇріерЅх **[**ріЦрІџрѕЁ рІГрїФріЉ **](https://youtu.be/uGctUFrOV38)
**
­ЪїЪрІерІЕрЅ▓рІЕрЅЦ рЅ╗ріЊрѕІрЅйріЋріЋ рѕ░рЅЦрѕхріГрѕФрІГрЅЦ рЅарѕЏрІхрѕерїЇ рЅарЅђрїБрІГ ріарІ▓рѕх рЇќрІхріФрѕхрЅХрЅйрЇБ рЅарїцріЊ ріЦріЊ рІ░рѕЁріЋріљрЅх рїЅрІ│рІ«рЅй рѕІрІГ ріерЅБрѕѕрѕЎрІФ рїІрѕГ рІФрІ░рѕеріЏрЅИрІЇ рІЇрІГрІГрЅХрЅйріЋ рѕЏрїЇріўрЅх рІГрЅйрѕІрѕЅрЇб ­ЪјЎ

­ЪЊ╣ YouTube: ****https://www.youtube.com/c/YeTenaWeg?sub_confirmation=1****
**
**­ЪЊ▒ ріарІ│рІ▓рѕх рѕўрѕерїЃрІјрЅйріЋ рѕѕрѕЏрїЇріўрЅх рЅарѕЏрѕЁрЅарѕФрІі рѕџрІ▓рІФ рѕўрѕѕрІФрІјрЅ╗ріЋ  рІГріерЅ░рѕЅріЋ:

­ЪЊИ Instagram: ****https://instagram.com/yetena_weg?r=nametag****
­Ъљд X(Twitter): ****https://twitter.com/yetenaw?s=21&t=NyVsmz_NUwSnHTOXIw8vZw****
­ЪЊў Facebook: ****https://www.facebook.com/YeTenaw****
­Ъїљ Website: ****https://yetenaweg.com/**",
yetenaweg,1239,2024-12-11 15:11:40,"рІеріЕрѕІрѕірЅх рѕѕрїІрѕй рѕўрѕєріЋрЇд рѕЏрІѕрЅЁ рІФрѕѕрЅЦріЋ ріљрїѕрѕ«рЅйрЇб

рЅарібрЅхрІ«рїхрІФ рІеріЕрѕІрѕірЅх рѕЁрѕўрѕЮ┬а ріерЇЇрЅ░ріЏ рІерїцріЊ рЅ░рїЇрІ│рѕ«рЅх рѕ▓рѕєріЋ рЅЦрІЎ рїЇрѕѕрѕ░рЅдрЅйріЋ рІФрїарЅЃрѕЇрЇб рЅарЅ░рїерѕЏрѕфрѕЮ рІерїцріЊ рѕхрѕГрІЊрЅ▒ рѕІрІГ ріерЅБрІх рѕИріГрѕЮ ріЦрІерЇѕрїарѕе ріљрІЇрЇб рЅарѕўрїерѕерѕ╗ рІ░рѕерїЃ рІеріЕрѕІрѕірЅх рЅарѕйрЅ│ рѕѕрѕџрѕ░рЅЃрІЕ рІеріЕрѕІрѕірЅх ріЋрЅЁрѕѕ-рЅ░ріерѕІ┬а рЅарїБрѕЮ рІЇрїцрЅ│рѕЏ рІерѕЋріГрѕЮріЊ ріарѕЏрѕФрїГ ріљрІЇрЇб рІеріЕрѕІрѕірЅх ріЦрїЦрЅарЅх рІеріЕрѕІрѕірЅхріЋ рЅ░рїЇрЅБрѕФрЅх рЅарѕўрЇѕрїИрѕЮ рѕЁрІГрІѕрЅхріЋ рѕЏрЅєрІерЅх рЅбрЅйрѕЇрѕЮ ріЦріЋрІ░ріЕрѕІрѕірЅх ріЋрЅЁрѕѕ рЅ░ріерѕІ рїЦрѕЕ ріЉрѕ« рІѕрІГрѕЮ рѕерїЁрѕЮ рІерѕЁрІГрІѕрЅх рІўрѕўріЋ ріарІГрѕ░рїЦрѕЮрЇб рІеріЕрѕІрѕірЅх ріЦрїЦрЅарЅх ┬арЅЦрІЎ рїірІю рѕєрѕхрЇњрЅ│рѕЇ рѕўрѕўрѕІрѕѕрѕхріЋ рѕхрѕѕрѕџрѕхріерѕхрЅх рѕѕрЅ│ріФрѕџрІјрЅй ріаріФрѕІрІі ріЦріЊ рѕхрѕюрЅ│рІі рїЅрІ│рЅх рІФрѕўрїБрѕЇрЇб рЅаріаріЋрЇЃрѕЕ рІерЅ░рѕ│ріФ рІеріЕрѕІрѕірЅх ріЋрЅЁрѕѕ рЅ░ріерѕІ рІеріЕрѕІрѕірЅх рѕўрІ░рЅаріЏ рѕхрѕФріЋ рІѕрІ░ріљрЅарѕерЅарЅх ріЦріЋрІ▓рѕўрѕѕрѕх рЅарѕЏрІхрѕерїЇ рЅ│ріФрѕџрІјрЅй рїцріЊрѕЏ ріЦріЊ рїЦрѕЕ рѕЁрІГрІѕрЅх ріЦріЋрІ▓рѕўрѕЕ рІФрѕхрЅйрѕІрЅИрІІрѕЇрЇб
рЅарѕЁрІГрІѕрЅх ріЦрІФрѕЅ ріЕрѕІрѕірЅх рѕўрѕѕрїѕрѕх рІерЅ░рЅђрЅБрІЕріЋ рѕЁрІГрІѕрЅх рЅаріЦрїЁрїЅ ріерѕЏрѕ╗рѕ╗рѕЇ рЅарЅ░рїерѕЏрѕф рѕЁрІГрІѕрЅ▒ріЋ рІФрІхріЉрЅ│рѕЇ рЇб рІГрѕЁ рїйрѕЂрЇЇ рІеріЕрѕІрѕірЅх рѕѕрїІрѕй рІерѕўрѕєріЋ рѕѓрІ░рЅхріЋ ріерѕўрїђрѕўрѕфрІФ рѕЮрѕГрѕўрѕФ рїђрѕЮрѕ« ріЦрѕхріе рІхрѕЁрѕе рѕЇрїѕрѕ│ рІхрѕерѕх рѕѕрѕЏрЅЦрѕФрѕФрЅх рІФрѕѕрѕў ріљрІЇрЇб рІГрѕЁріЋріЋ┬а рЅарѕЏрЅЁрѕерЅЦрЇБ рЅЦрІЎ рїЇрѕѕрѕ░рЅдрЅй рЅарѕЁрІГрІѕрЅх ріЦрІФрѕЅ рІеріЕрѕІрѕірЅх рѕѕрїІрѕЙрЅй рЅарѕўрѕєріЋ рѕірІФрѕўрїА рІерѕџрЅйрѕЅрЅхріЋ ріерЇЇрЅ░ріЏ рЅ░рїйрІЋріќ ріЦріЋрІ▓рІФрѕхрЅА рІФрЅарѕерЅ│рЅ│рѕЇ

Robel Habtamu Ababiya M.D, General Practitioner, Lecturer

https://yetenaweg.com/%e1%8b%a8%e1%8a%a9%e1%88%8b%e1%88%8a%e1%89%b5-%e1%88%88%e1%8c%8b%e1%88%bd-%e1%88%98%e1%88%86%e1%8a%95%e1%8d%a6-%e1%88%9b%e1%8b%88%e1%89%85-%e1%8b%ab%e1%88%88%e1%89%a5%e1%8a%95-%e1%8a%90%e1%8c%88/",
yetenaweg,1235,2024-12-10 09:39:23,"­ЪЉЕ**рІерѕ┤рЅХрЅй рѕўрЅЦрЅх рѕ░рЅаріарІі рѕўрЅЦрЅХрЅй ріЊрЅИрІЇ!!!**

­ЪЊБ**рЅарїЙрЅ│ рѕІрІГ рІерЅ░рѕўрѕ░рѕерЅ░ рїЦрЅЃрЅх ріЦріЋрІ▓рЅєрѕЮ рІЮрѕЮрЅ│рІЇріЋ рѕўрѕхрЅарѕГ**­ЪЊБ


Рё╣№ИЈрЅарЇєрЅ│ рѕІрІГ рІерЅ░рѕўрѕ░рѕерЅ░ рїЦрЅЃрЅх рѕЏрѕЁрЅарѕФрІі рїЅрІ│рІГ рЅЦрЅ╗ ріарІГрІ░рѕѕрѕЮ - ріаріФрѕІрІірЇБ ­ЪДа ріаріЦрѕЮрѕ»рІі ріЦріЊ рѕхрѕюрЅ│рІі рІ░рѕЁріЋріљрЅхріЋ рІерѕџрїјрІ│ ріерЅБрІх рІерѕЁрЅЦрѕерЅ░рѕ░рЅЦ рїцріЊ рѕхрїІрЅх ріљрІЇрЇб

**­ЪЈЦ рЇєрЅ│ріЋ рѕўрѕ░рѕерЅх рІФрІ░рѕерїЅ рїЦрЅЃрЅХрЅй рІерІ░рѕерѕ░рЅБрЅИрІЇ рѕ░рІјрЅй рѕЂрѕЅріЋ ріарЅђрЇЇ ріЦріЋріГрЅЦріФрЅцріЋ рЅаріаріЋрІх рЅдрЅ│ рѕЏрїЇріўрЅх рІГрЅйрѕІрѕЅрЇб**

**рІеріаріЋрІх рѕўрѕхрі«рЅх ріарїѕрѕЇрїЇрѕјрЅхРђћ

   РюЁ рІерѕЁріГрѕЮріЊ рІхрїІрЇЇ ­ЪЕ║
   РюЁ рІерѕхріљ-рѕЇрЅдріЊ рѕЮріГрѕГ ­Ъњг
   РюЁ рІерѕЁрїЇ рІхрїІрЇЇ Рџќ№ИЈ
   РюЁ ріЦріЊ рѕїрѕјрЅй ріарїѕрѕЇрїЇрѕјрЅХрЅй рЅаріаріЋрІх рѕІрІГ рІерѕџрїѕріЮрЅарЅх рЅдрЅ│ ріљрІЇрЇб**

Рџю№ИЈ**рЅарЇєрЅ│ рѕІрІГ рІерЅ░рѕўрѕ░рѕерЅ░ рїЦрЅЃрЅх рѕўрІўрІърЅй рѕЮріЋ рѕЮріЋ ріЊрЅИрІЇ?**

Рџю№ИЈ**рЅарібрЅхрІ«рїхрІФ рІЇрѕхрїЦ рїЙрЅ│ріЋ рѕўрѕ░рѕерЅх рІФрІ░рѕерїЅ рїЦрЅЃрЅХрЅйріЋ рѕѕрѕЏрѕхрЅєрѕЮ рѕЮріЋ ріЦріЊрѕГрїЇ?**

­Ъћ▒**ріЦріљрІџрѕЁріЋ ріЦріЊ рѕїрѕјрЅй рїЦрІФрЅёрІјрЅйріЋ рѕўрѕЇрѕх рѕѕрѕЏрїЇріўрЅх ­ЪЉЅ­ЪЈЙ**[ріЦрІџрѕЁ рІГрїФріЉрЇб](https://yetenaweg.com/%E1%8C%BE%E1%89%B3%E1%8A%95-%E1%88%98%E1%88%B0%E1%88%A8%E1%89%B5-%E1%8B%AB%E1%8B%B0%E1%88%A8%E1%8C%89-%E1%8C%A5%E1%89%83%E1%89%B6%E1%89%BD%E1%8A%95-%E1%88%88%E1%88%9B%E1%88%B5%E1%89%86%E1%88%9D/)
[
](https://t.me/yetenaweg)­Ъћ▒**рІерЅ┤рѕїрїЇрѕФрѕЮ рЅ╗ріЊрѕІрЅйріЋріЋ рѕѕрѕўрЅђрѕІрЅђрѕЇ ­ЪЉЅ­ЪЈЙ **[ріЦрІџрѕЁ рІГрїФріЉрЇб](https://t.me/yetenaweg)",
yetenaweg,1234,2024-12-08 08:17:20,"**­ЪјЎРюе рІерїцріЊ рІѕрїЇ рЅфрІ▓рІ« рЇќрІхріФрѕхрЅх Рюе­ЪјЎ**

рЅа **EngenderHealth **ріЦріЊ **Saint Paul Institute for Reproductive Health and Rights (SPIRHR) **рїІрѕГ рЅарѕўрЅ░рЅБрЅарѕГ:
       
      **­ЪДњРъА№ИЈ­ЪДЉрїЅрѕГрѕЮрѕхріЊ­Ъћё** 

­ЪїЪ рІерЅ░ріФрЅ░рЅ▒рЅх рѕГрІЋрѕХрЅй:

**­Ъћ╣ рЅарїЅрѕГрѕЮрѕхріЊ рІѕрЅЁрЅх рѕЮріЋ рѕѕрІЇрїдрЅй рІГріерѕ░рЅ│рѕЅ?
­Ъћ╣ ­ЪЉеРђЇ­ЪЉЕРђЇ­ЪЉДРђЇ­ЪЉд рІѕрѕІрїєрЅй рѕхрѕѕ-рѕхріљ рЅ░рІІрѕЇрІХ рїцріЋріљрЅх ріерѕЇрїєрЅ╗рЅИрІЇ рїІрѕГ рѕўрЅ╝ рѕўрІѕрІФрІерЅх ріарѕѕрЅБрЅИрІЇ?
­Ъћ╣ ­ЪДЉРђЇРџЋ№ИЈ рІѕрїБрЅХрЅй рЅарѕўрѕерїЃ рѕІрІГ рІерЅ░рѕўрѕ░рѕерЅ░ рѕЮрѕГрїФ рѕЏрІхрѕерїЇ рІерѕџрЅйрѕЅрЅх ріЦріЋрІ┤рЅх ріљрІЇ?
­Ъњг ріЦріЊ рѕїрѕјрЅй рЅ░рїерѕЏрѕф рІЇрІГрІГрЅХрЅй!**

       ­ЪЊЁ рЅарЅЁрѕГрЅЦ рЅђріЋ рІГрїарЅЦрЅЂріЋ! РЈ│",
yetenaweg,1233,2024-12-07 13:42:13,"­ЪјЎРюе **рІерїцріЊ рІѕрїЇ рЅфрІ▓рІ« рЇќрІхріФрѕхрЅх** Рюе­ЪјЎ

­ЪцЮріе E**ngenderHealth** ріЦріЊ ріе**Saint Paul Institute for Reproductive Health and Rights (SPIRHR)** рїІрѕГ рЅарѕўрЅ░рЅБрЅарѕГ:

       ­Ъц░­ЪЈЙ **рІерІхрѕЁрѕе рІѕрѕірІх рїцріЊ** ­Ъц▒­ЪЈЙ

­ЪїЪ рІЇрІГрІГрЅ▒ рІЇрѕхрїЦ рІерЅ░ріФрЅ░рЅ▒рЅх рѕГрІЋрѕХрЅйрЇА-

**­ЪДЇ­ЪЈйРђЇРЎђ№ИЈ рЅЂрѕЇрЇЇ рІЇрѕхрїБрІі ріЦріЊ рІЇрїфрІФрІі** **ріаріФрѕІрІі рѕѕрІЇрїдрЅй
­ЪЇј ріарѕўрїІрїѕрЅЦ ріЦріЊ рІеріарѕўрїІрїѕрЅЦ рѕхрѕГріарЅх
­ЪЈЃРђЇРЎђ№ИЈ рІеріаріФрѕЇ рЅЦрЅЃрЅх ріЦріЋрЅЁрѕхрЅЃрѕ┤
­Ъњі рІеріЦрѕГрїЇрІЮріЊ рѕўріерѕІріерІФ ріарѕЏрѕФрї«рЅй
­Ъњг ріЦріЊ рѕїрѕјрЅй рЅ░рїерѕЏрѕф рІерѕўрІѕрІФрІФ ріљрїЦрЅдрЅй**
      
     ­ЪЊЁ рЅарЅЁрѕГрЅЦ рЅђріЋ рІГрїарЅЦрЅЂріЋ! РЈ│",
yetenaweg,1231,2024-12-03 10:26:03,"РюЇ рІеріарѕѕрѕЮ ріарЅђрЇЇ рІеріаріФрѕЇ рїЅрІ│рЅ░ріърЅй┬а рЅђріЋ рЅарІеріарѕўрЅ▒ December 3 рІГріерЅарѕФрѕЇрЇб

РюЇРюЇрІўріЋрІхрѕ«рѕЮ ''рІеріаріФрѕЇ рїЅрІ│рЅ░ріърЅйріЋ рІерѕўрѕфріљрЅх рѕџріЊ рЅарѕЏрїЅрѕІрЅх ріаріФрЅ│рЅйріЊ рІўрѕІрЅѓ рѕЇрѕЏрЅхріЋ ріЦріЊрѕерїІрїЇрїЦ!'' рЅарѕџрѕЇ рѕўрѕф рЅЃрѕЇ ріЦрІерЅ░ріерЅарѕе рІГрїѕріЏрѕЇрЇб

­ЪЉЅ ріаріФрѕЇ рїЅрІ│рЅх рѕЏрѕѕрЅх рІеріаріЦрѕЮрѕ«рЇБ рІерѕхрѕюрЅх рѕЁрІІрѕ│рЅх ріЦріЊ рІеріаріФрѕЇ рѕўрїјрІ│рЅх рѕ▓рѕєріЋ рїЇрѕѕрѕарЅАріЋ рЅарѕЏрѕЁрЅарѕерѕ░рЅА рІЇрѕхрїЦ ріЦріЕрѕЇ рЅ░рѕ│рЅхрЇј ріЦріЋрІ│рІФрІ░рѕГрїЇ рІерѕџрїѕрІхрЅЦ рѕЂріћрЅ│ ріљрІЇрЇАрЇА

­ЪЉЅ ріаріФрѕЇ рїЅрІ│рЅ░ріЮріљрЅх рѕЏрѕѕрЅх рЅарЅ░рЇѕрїЦрѕ« рІѕрІГрѕЮ рЅарѕ░рІЇ рѕ░рѕФрѕй рѕЮріГріЋрІФрЅХрЅй рѕЏрІерЅх рЇБрѕўріЊрїѕрѕГ рѕўрѕхрѕЏрЅх рІерѕЏрІГрЅйрѕЇ рІѕрІГрѕЮ рЅаріЦрїЇрѕЕ рѕІрІГ рІѕрІГрѕЮ рЅаріаріЦрѕЮрѕ« рІЮрїЇрѕўрЅх рІерѕџрѕ░рЅЃрІГ рѕ░рІЇ ріљрІЇрЇб

­ЪњЦ┬а ріаріФрѕЇ рїЅрІ│рЅ░ріърЅйріЋ рѕЏріФрЅ░рЅхріЋ рЅарѕџрѕўрѕѕріерЅ▒ рІѕрѕ│ріЮ рїЅрІ│рІ«рЅй рѕІрІГ рІхрїІрЇЇріЋ рѕЏрѕ░рЅБрѕ░рЅЦрЇБ рѕхрѕѕ ріаріФрѕЇ рїЅрІ│рЅ░ріърЅй рїЇріЋрІЏрЅц рІерѕЏрѕ│рІ░рїЇ рѕхрѕФріЋ рѕЏрЅарѕерЅ│рЅ│рЅх ріЦріЋрІ▓рѕЂрѕЮ рЅхріЕрѕерЅхріЋ рІѕрІ░ рѕЂрѕЅріЋ ріарЅђрЇЇ ріЦріЊ рЅ░рІ░рѕФрѕй рѕЏрѕЁрЅарѕерѕ░рЅЦ рїЦрЅЁрѕърЅй рѕЏрІ│рѕерѕх ріарѕхрЇѕрѕІрїі ріљрІЇрЇб",
EAHCI,2611,2025-02-04 09:11:41,"#**Adult_ECHO_Training****@****#ADISS_ABABA_By_Cardiologist_for_Physicians** 
 We_have_Only_few_trainee_Position
­ЪЉЅLecture will start on February 10
­ЪЉЅрІеріФрЅ▓рЅх 3 рІГрїђрѕЮрѕФрѕЇ!
#Hands_on training !
#Register_Soon_And_Get_Certified !!
­ЪЊъ0965412222 Dr.Shalom
­ЪЊъ0941404444

#Hosted_By: Ethio-American Medical Training Center
T.me/eahci",
EAHCI,2610,2025-02-03 09:34:16,"┬а#­ЪњЦCPD_ріарѕЂріЋ_рІГрѕўрІЮрїѕрЅА #рІерѕърІФ_рЇѕрЅЃрІх_рѕѕрѕЏрѕ│рІ░рѕх_CPD_рІГрѕўрІЮрїѕрЅА
#Title=Antimicrobial Drug Resistance Prevention Training 
­ЪћХ15CEU
­ЪЉЅ ріе рїЦрѕГ 28 рїђрѕЮрѕ« рІГрѕ░рїБрѕЇ!
**рѕѕрѕЂрѕЅрѕЮ рїцріЊ рЅБрѕѕрѕърІФрІјрЅй рЅарѕЂрѕЅрѕЮ ріГрѕЇрѕјрЅйріЊ ріерЅ░рѕърЅй рѕІрѕІрЅйрѕЂрЇб**
--------------------------------------------
­ЪЊ▒0965410000(Ekram)
­ЪЊ▒0965412222(Dr. Shalom)
­ЪЊ▒0941404444(Daye)
­ЪЊ▒0942404444(Tenbit)
­ЪЊ▒0968670067(Selam)
­ЪЊ│0462124400
┬аEthio-American CPD center & Health Consultancy.
­ЪЈЃWe Are Committed To Excellence In Medical Trainings РЮЌ
For more info join our telegram channel┬а┬а┬а┬а┬а┬а┬а┬а┬а┬а┬а┬а┬а┬а┬а t.me/eahci",
EAHCI,2609,2025-02-01 07:37:50,"#рІерїЇрѕГрІЏрЅх_рѕхрѕЇрїаріЊ_Addis_Ababa 
#Circumcision_Skill_Training_@ADISSABABA (Adult & Neonates with Ring ) ┬арЅарЅђрѕѕрЅарЅхріЊ рІФрѕѕрЅђрѕѕрЅарЅх РъЦ┬а ┬аріе рІеріФрЅ▓рЅх 2 рїђрѕЮрѕ« рІГрѕ░рїБрѕЇрЇб (15CEU CPD & Skill)
­ЪћХ­ЪћХ­ЪћХ­ЪћХ­ЪћХ­ЪћХ­ЪћХ­ЪћХ­ЪћХ­ЪћХ
­ЪЉЅріарІўрїІрїЁ-Ethio-American┬а Health Consultancy & CPD Center.
­ЪЉЅрѕ░рѕЇрїБріърЅй-GP,HO,Nurse,Midwife

┬а ­ЪЊъ0965412222 Dr shalom
  ­ЪЊъDaye 0941404444
┬а ­ЪЊъEkram(A.A) 0965410000
 ­ЪЊъSelam(A.A) 0968670067
┬а┬а­ЪЊъTinbit(A.A)┬а0942404444
┬а┬а­ЪЊъOffice┬а0941404444

­ЪЉЅрѕЏрѕхрЅ│рІѕрѕ╗ :-GP,HO,Nurse,Midwif рЅЂрїЦрѕГ 12 рЅЦрЅ╗ рѕўрѕєріЉріЋ ріЦрІерїѕрѕѕрЇЁріЋ рЅђрІхрѕўрІЇ┬а рІерЅ░рѕўрІўрїѕрЅА рЅЦрЅ╗ рІерѕџрѕхрЅ░ріЊрїѕрІ▒ рѕўрѕєріЉріЋ ріЦріЊрѕ│рІЇрЅЃрѕѕріЋрЇб
­ЪЉЅCircumcision is our Patented & Accredited Course !
:-t.me/eahci",
EAHCI,2608,2025-02-01 07:18:21,"#OBGYN_Ultrasound_Training@Hawassa!
**#ріљрїѕ**_**рІГрїђрѕЮрѕФрѕЇ****(рїЦрѕГ_25**)
---------------------------------------------

РюћріарІўрїІрїЁ-Ethio-American CPD center in collaboration with selected hospitals .
­ЪњЦPlace of Trainings-Selected Hospitals 

Call & Register now
┬а┬а Рўј№ИЈ0941404444 Daye
┬а ┬аРўј№ИЈ0965412222 Dr.Shalom
┬а┬а Рўј№ИЈ0942404444 Tenbit
┬а┬а Рўј№ИЈ0968670067┬а Selam
┬а┬а Рўј№ИЈ0965410000┬а Ekram(A.A)
┬а
#N.B_We only have a few spots left!! #OB_Ultrasound_Is_Our_Accredited_Course 
­ЪЈЃFor more info .follow us on telegram :-
t.me/eahci",
EAHCI,2607,2025-01-31 13:45:58,"#**Adult_ECHO_Training****@****#ADISS_ABABA_By_Cardiologist_for_Physicians**** 
** We_have_Only_few_trainee_Position
­ЪЉЅLecture will start on February 3
­ЪЉЅрїЦрѕГ 26 рІГрїђрѕЮрѕФрѕЇ!
#Hands_on training !
#Register_Soon_And_Get_Certified !!
­ЪЊъ0965412222 Dr.Shalom
­ЪЊъ0941404444

#Hosted_By: Ethio-American Medical Training Center
T.me/eahci",
EAHCI,2606,2025-01-31 12:31:56,"#OBGYN_Ultrasound_Training@HOSSANA!
#рІеріФрЅ▓рЅх 2 рІГрїђрѕЮрѕФрѕЇ!
---------------------------------------------

РюћріарІўрїІрїЁ-Ethio-American CPD center in collaboration with selected hospitals .
­ЪњЦPlace of Trainings-Selected Hospitals 

Call & Register now
┬а┬а Рўј№ИЈ0941404444 Daye
┬а ┬аРўј№ИЈ0965412222 Dr.Shalom
┬а┬а Рўј№ИЈ0942404444 Tenbit
┬а┬а Рўј№ИЈ0968670067┬а Selam
┬а┬а Рўј№ИЈ0965410000┬а Ekram(A.A)
┬а
#N.B_We only have a few spots left!! #OB_Ultrasound_Is_Our_Accredited_Course 
­ЪЈЃFor more info .follow us on telegram :-
t.me/eahci",
EAHCI,2604,2025-01-31 09:01:14,"#OBGYN_Ultrasound_Training@ADAMA!
#рІеріФрЅ▓рЅх 2 рІГрїђрѕЮрѕФрѕЇ!
---------------------------------------------

РюћріарІўрїІрїЁ-Ethio-American CPD center in collaboration with selected hospitals .
­ЪњЦPlace of Trainings-Selected Hospitals 

Call & Register now
┬а┬а Рўј№ИЈ0941404444 Daye
┬а ┬аРўј№ИЈ0965412222 Dr.Shalom
┬а┬а Рўј№ИЈ0942404444 Tenbit
┬а┬а Рўј№ИЈ0968670067┬а Selam
┬а┬а Рўј№ИЈ0965410000┬а Ekram(A.A)
┬а
#N.B_We only have a few spots left!! #OB_Ultrasound_Is_Our_Accredited_Course 
­ЪЈЃFor more info .follow us on telegram :-
t.me/eahci",
EAHCI,2603,2025-01-30 12:42:18,"#**рІерїЇрѕГрІЏрЅх_рѕхрѕЇрїаріЊ_рІѕрѕІрІГрЅ│_рѕХрІХ****
****#Circumcision_Skill_Training_@WOLAYITA_SODO** (Adult & Neonates with Ring ) ┬арЅарЅђрѕѕрЅарЅхріЊ рІФрѕѕрЅђрѕѕрЅарЅх РъЦ┬а **┬аріе рІеріФрЅ▓рЅх 2 рїђрѕЮрѕ« рІГрѕ░рїБрѕЇрЇб** (15CEU CPD & Skill)
­ЪћХ­ЪћХ­ЪћХ­ЪћХ­ЪћХ­ЪћХ­ЪћХ­ЪћХ­ЪћХ­ЪћХ
­ЪЉЅрІерїЇрѕГрІЏрЅх ріГрѕЁрѕјрЅх рѕхрѕЇрїаріЊ (рЅарЅђрѕѕрЅарЅхріЊ рІФрѕѕрЅђрѕѕрЅарЅх - Ring /Without Ring-cut ) рѕхрѕЇрїаріЊ 
­ЪЉЅріарІўрїІрїЁ-Ethio-American┬а Health Consultancy & CPD Center.
­ЪЉЅрѕ░рѕЇрїБріърЅй-GP,HO,Nurse,Midwife

┬а ­ЪЊъ0965412222 Dr shalom
  ­ЪЊъDaye 0941404444
┬а ­ЪЊъEkram 0965410000
 ­ЪЊъSelam(A.A) 0968670067
┬а┬а­ЪЊъTinbit(A.A)┬а0942404444
┬а┬а­ЪЊъOffice┬а0941404444

­ЪЉЅрѕЏрѕхрЅ│рІѕрѕ╗ :-GP,HO,Nurse,Midwif рЅЂрїЦрѕГ 12 рЅЦрЅ╗ рѕўрѕєріЉріЋ ріЦрІерїѕрѕѕрЇЁріЋ рЅђрІхрѕўрІЇ┬а рІерЅ░рѕўрІўрїѕрЅА рЅЦрЅ╗ рІерѕџрѕхрЅ░ріЊрїѕрІ▒ рѕўрѕєріЉріЋ ріЦріЊрѕ│рІЇрЅЃрѕѕріЋрЇб
­ЪЉЅCircumcision is our Patented & Accredited Course !
:-t.me/eahci",
EAHCI,2602,2025-01-30 12:17:14,"#**ENGLISH_LANGUAGE_TRAINING**
­ЪЉЅGrammar
­ЪЉЅVocabulary 
­ЪЉЅPronunciation 
 Strarting from #March_3_рІеріФрЅ▓рЅх_24 рІГрїђрѕЮрѕФрѕЇ!
#**HAWASSA**­ЪЊї

Contact us and register now!
­ЪЊъ0965412222
­ЪЊъ0941404444

**ETHIO-AMERICAN TRAINING CENTER!**",
EAHCI,2600,2025-01-29 17:00:02,"#рІерїЇрѕГрІЏрЅх_рѕхрѕЇрїаріЊ_Addis_Ababa 
#Circumcision_Skill_Training_@ADISSABABA (Adult & Neonates with Ring ) ┬арЅарЅђрѕѕрЅарЅхріЊ рІФрѕѕрЅђрѕѕрЅарЅх РъЦ┬а ┬аріе рїЦрѕГ 25 рїђрѕЮрѕ« рІГрѕ░рїБрѕЇрЇб (15CEU CPD & Skill)
­ЪћХ­ЪћХ­ЪћХ­ЪћХ­ЪћХ­ЪћХ­ЪћХ­ЪћХ­ЪћХ­ЪћХ
­ЪЉЅріарІўрїІрїЁ-Ethio-American┬а Health Consultancy & CPD Center.
­ЪЉЅрѕ░рѕЇрїБріърЅй-GP,HO,Nurse,Midwife

┬а ­ЪЊъ0965412222 Dr shalom
  ­ЪЊъDaye 0941404444
┬а ­ЪЊъEkram(A.A) 0965410000
 ­ЪЊъSelam(A.A) 0968670067
┬а┬а­ЪЊъTinbit(A.A)┬а0942404444
┬а┬а­ЪЊъOffice┬а0941404444

­ЪЉЅрѕЏрѕхрЅ│рІѕрѕ╗ :-GP,HO,Nurse,Midwif рЅЂрїЦрѕГ 12 рЅЦрЅ╗ рѕўрѕєріЉріЋ ріЦрІерїѕрѕѕрЇЁріЋ рЅђрІхрѕўрІЇ┬а рІерЅ░рѕўрІўрїѕрЅА рЅЦрЅ╗ рІерѕџрѕхрЅ░ріЊрїѕрІ▒ рѕўрѕєріЉріЋ ріЦріЊрѕ│рІЇрЅЃрѕѕріЋрЇб
­ЪЉЅCircumcision is our Patented & Accredited Course !
:-t.me/eahci",
